<?xml version="1.0"?>
<ruleset xmlns="http://pmd.sourceforge.net/ruleset/2.0.0" xmlns:xsi="http://www.w3.org/2001/XMLSchema-instance"
	 xsi:schemaLocation="http://pmd.sourceforge.net/ruleset/2.0.0 http://pmd.sourceforge.net/ruleset_2_0_0.xsd"
	 xsi:noNamespaceSchemaLocation="http://pmd.sourceforge.net/ruleset_2_0_0.xsd">
	<rule ref="rulesets/internal/all-java.xml">
		<exclude name="AvoidCatchingGenericException" />
		<exclude name="AvoidFinalLocalVariable" />
		<exclude name="AvoidLiteralsInIfCondition" />
		<exclude name="AvoidSynchronizedAtMethodLevel" />
		<exclude name="AvoidUsingVolatile" />
		<exclude name="AtLeastOneConstructor" />
		<exclude name="BeanMembersShouldSerialize" />
		<exclude name="CommentSize" />
		<exclude name="DoNotUseThreads" />
		<exclude name="ImportFromSamePackage" />
		<exclude name="JUnitAssertionsShouldIncludeMessage" />
		<exclude name="LawOfDemeter" />
		<exclude name="LoggerIsNotStaticFinal" />
		<exclude name="LongVariable" />
		<exclude name="LoosePackageCoupling" />
		<exclude name="MethodArgumentCouldBeFinal" />
		<exclude name="OnlyOneReturn" />
		<exclude name="ShortClassName" />
		<exclude name="ShortVariable" />
		<exclude name="SingularField" />
		<exclude name="UnusedPrivateField" />
		<exclude name="UseConcurrentHashMap" />
		<exclude name="UseSingleton" />
	</rule>
	<rule ref="rulesets/java/controversial.xml/DataflowAnomalyAnalysis">
		<properties>
			<property name="violationSuppressRegex" value="^Found 'UR'-anomaly.*"/>
		</properties>
	</rule>
	<rule ref="rulesets/internal/all-java.xml/SingularField">
		<!-- Project Lombok -->
		<properties>
			<property name="violationSuppressXPath" value="..[Annotation//Name[@Image='Getter']]" />
		</properties>
	</rule>
	<rule ref="rulesets/internal/all-java.xml/UnusedPrivateField">
		<!-- Project Lombok -->
		<properties>
			<property name="violationSuppressXPath" value="../../..[Annotation//Name[(@Image='Getter') or (@Image='Setter')]]" />
		</properties>
	</rule>
	<rule ref="rulesets/internal/all-java.xml/UseSingleton">
		<!-- Project Lombok -->
		<properties>
			<property name="violationSuppressXPath" value="../..[Annotation//Name[(@Image='NoArgsConstructor') or  (@Image='RequiredArgsConstructor')  (@Image='AllArgsConstructor')]]" />
			<property name="violationSuppressXPath" value="//PrimaryPrefix//Name[@Image='AccessLevel.PRIVATE']" />
		</properties>
	</rule>
</ruleset>
